-41.7412, 102.5662, 223.7936, 100.024, 226.0822
-41.6555, 102.8207, 223.7935, 100.2813, 226.0853
-41.4139, 103.5562, 223.784, 101.0252, 226.0898
-41.0263, 104.7128, 223.7741, 102.1959, 226.1028
-40.5041, 106.2325, 223.7678, 103.7359, 226.1295
-39.8568, 108.0587, 223.7685, 105.5891, 226.175
-39.0916, 110.1352, 223.7797, 107.6996, 226.2452
-38.2141, 112.3978, 223.808, 110.0034, 226.3455
-37.2298, 114.7877, 223.8555, 112.4414, 226.4792
-36.1432, 117.2457, 43.9249, -29.3957, 46.6494
-34.9638, 119.7075, 44.0137, -26.7946, 46.8525
-33.7042, 122.1152, 44.116, -24.1723, 47.0812
-32.3726, 124.4141, 44.2401, -21.5916, 47.3478
-31.0019, 126.5523, 44.3663, -19.0906, 47.627
-29.6247, 128.4845, 44.4899, -16.7274, 47.9127
-28.2926, 130.1765, 44.5938, -14.5528, 48.1786
-27.0502, 131.6, 44.6884, -12.6372, 48.4386
-25.962, 132.7346, 44.7722, -11.0463, 48.6751
-25.1092, 133.5678, 44.8231, -9.8279, 48.8493
-24.5536, 134.0831, 44.8526, -9.0524, 48.9618
-24.3567, 134.2608, 44.8624, -8.7808, 49.0016
-24.4009, 134.2324, 44.9043, -8.9168, 49.019
-24.5256, 134.1487, 45.0243, -9.3055, 49.0681
-24.7176, 134.0095, 45.2143, -9.9168, 49.1445
-24.962, 133.8126, 45.4663, -10.7203, 49.2433
-25.2432, 133.5555, 45.772, -11.6855, 49.3589
-25.5463, 133.2363, 46.1233, -12.7829, 49.4864
-25.8573, 132.8552, 46.5118, -13.983, 49.6207
-26.1637, 132.4148, 46.9289, -15.258, 49.7572
-26.4554, 131.9205, 47.366, -16.5804, 49.8916
-26.7244, 131.3806, 47.8141, -17.924, 50.0203
-26.967, 130.8073, 48.2615, -19.2609, 50.1385
-27.1784, 130.2134, 48.7018, -20.5677, 50.2458
-27.3571, 129.6149, 49.1262, -21.8192, 50.3409
-27.5034, 129.0298, 49.5257, -22.9899, 50.4229
-27.6191, 128.4775, 49.8911, -24.0546, 50.4917
-27.7067, 127.9786, 50.213, -24.9872, 50.5474
-27.7711, 127.5553, 50.4794, -25.759, 50.5894
-27.815, 127.2285, 50.6813, -26.3438, 50.6191
-27.8404, 127.0185, 50.8097, -26.7148, 50.6368
-27.8488, 126.9446, 50.8547, -26.8446, 50.643
-27.8868, 126.7756, 50.7699, -26.7423, 50.6725
-27.9603, 126.2721, 50.5841, -26.4886, 50.7891
-28.0946, 125.483, 50.2831, -26.0764, 50.9549
-28.2797, 124.4384, 49.9086, -25.5365, 51.179
-28.5171, 123.1745, 49.4874, -24.8904, 51.4591
-28.811, 121.7283, 49.0427, -24.162, 51.7732
-29.1607, 120.1413, 48.5965, -23.3717, 52.1622
-29.5709, 118.4512, 48.1619, -22.5441, 52.5759
-30.033, 116.6946, 47.7608, -21.7102, 53.0267
-30.5386, 114.9062, 47.4089, -20.8997, 53.5042
-31.1093, 113.15, 47.0579, -20.0758, 54.0026
-31.7059, 111.4386, 46.7578, -19.3049, 54.5093
-32.3143, 109.8079, 46.5063, -18.5987, 55.0155
-32.904, 108.2837, 46.3217, -17.9914, 55.5286
-33.4834, 106.9195, 46.1499, -17.4347, 56.0013
-34.0101, 105.7318, 46.0207, -16.9722, 56.4327
-34.4711, 104.7618, 45.9084, -16.584, 56.7968
-34.8288, 104.0293, 45.8321, -16.3007, 57.0809
-35.0571, 103.564, 45.7915, -16.131, 57.266
-35.1417, 103.4055, 45.7704, -16.0634, 57.3285
-35.1253, 103.4622, 45.7295, -15.8969, 57.31
-35.0915, 103.6389, 45.585, -15.3878, 57.2588
-34.9939, 103.8709, 45.4383, -14.682, 57.1982
-34.8896, 104.1932, 45.1948, -13.6905, 57.0969
-34.7752, 104.5827, 44.8719, -12.4586, 56.958
-34.6053, 104.9751, 44.5708, -11.1308, 56.8118
-34.4399, 105.4123, 44.1847, -9.6037, 56.6275
-34.2369, 105.8322, 43.8136, -8.019, 56.4313
-34.0143, 106.2367, 43.4362, -6.3748, 56.2181
-33.7849, 106.6238, 43.0412, -4.6808, 55.9848
-33.5463, 106.9782, 42.6511, -2.9873, 55.7417
-33.3088, 107.2991, 42.2619, -1.3135, 55.4898
-33.0761, 107.5804, 41.8855, 0.3017, 55.2362
-32.8466, 107.8126, 41.5482, 1.8026, 54.9962
-32.6328, 108.0018, 41.2444, 3.1692, 54.772
-32.4439, 108.1528, 40.975, 4.3734, 54.5691
-32.2902, 108.2713, 40.7396, 5.3881, 54.3918
-32.1678, 108.3496, 40.5729, 6.1455, 54.2603
-32.0898, 108.3963, 40.4669, 6.6268, 54.1759
-32.0625, 108.4121, 40.4298, 6.7954, 54.1461
-32.0625, 108.4121, 40.4298, 6.7954, 54.1461
-32.0625, 108.4121, 40.4298, 6.7954, 54.1461
-32.0625, 108.4121, 40.4298, 6.7954, 54.1461
-32.0625, 108.4121, 40.4298, 6.7954, 54.1461
-32.0625, 108.4121, 40.4298, 6.7954, 54.1461
-32.0625, 108.4121, 40.4298, 6.7954, 54.1461
-32.0625, 108.4121, 40.4298, 6.7954, 54.1461
-32.0625, 108.4121, 40.4298, 6.7954, 54.1461
-32.0625, 108.4121, 40.4298, 6.7954, 54.1461
-32.0625, 108.4121, 40.4298, 6.7954, 54.1461
-32.0625, 108.4121, 40.4298, 6.7954, 54.1461
-32.0625, 108.4121, 40.4298, 6.7954, 54.1461
-32.0625, 108.4121, 40.4298, 6.7954, 54.1461
-32.0625, 108.4121, 40.4298, 6.7954, 54.1461
-32.0625, 108.4121, 40.4298, 6.7954, 54.1461
-32.0625, 108.4121, 40.4298, 6.7954, 54.1461
-32.0625, 108.4121, 40.4298, 6.7954, 54.1461
-32.0625, 108.4121, 40.4298, 6.7954, 54.1461
-32.0625, 108.4121, 40.4298, 6.7954, 54.1461
-32.0625, 108.4121, 40.4298, 6.7954, 54.1461
-32.0625, 108.4121, 40.4298, 6.7954, 54.1461
-32.0625, 108.4121, 40.4298, 6.7954, 54.1461
-32.0625, 108.4121, 40.4298, 6.7954, 54.1461
-32.0625, 108.4121, 40.4298, 6.7954, 54.1461
-32.0625, 108.4121, 40.4298, 6.7954, 54.1461
-32.0625, 108.4121, 40.4298, 6.7954, 54.1461
-32.0625, 108.4121, 40.4298, 6.7954, 54.1461
-32.0625, 108.4121, 40.4298, 6.7954, 54.1461
-32.0625, 108.4121, 40.4298, 6.7954, 54.1461
-32.0625, 108.4121, 40.4298, 6.7954, 54.1461
-32.0625, 108.4121, 40.4298, 6.7954, 54.1461
-32.0625, 108.4121, 40.4298, 6.7954, 54.1461
-32.0625, 108.4121, 40.4298, 6.7954, 54.1461
-32.0625, 108.4121, 40.4298, 6.7954, 54.1461
-32.0625, 108.4121, 40.4298, 6.7954, 54.1461
-32.0625, 108.4121, 40.4298, 6.7954, 54.1461
-32.0625, 108.4121, 40.4298, 6.7954, 54.1461
-32.0625, 108.4121, 40.4298, 6.7954, 54.1461
-32.0625, 108.4121, 40.4298, 6.7954, 54.1461
-32.0625, 108.4121, 40.4298, 6.7954, 54.1461
-32.0898, 108.3963, 40.4669, 6.6268, 54.1759
-32.1678, 108.3496, 40.5729, 6.1455, 54.2603
-32.2902, 108.2713, 40.7396, 5.3881, 54.3918
-32.4439, 108.1528, 40.975, 4.3734, 54.5691
-32.6328, 108.0018, 41.2444, 3.1692, 54.772
-32.8466, 107.8126, 41.5482, 1.8026, 54.9962
-33.0761, 107.5804, 41.8855, 0.3017, 55.2362
-33.3088, 107.2991, 42.2619, -1.3135, 55.4898
-33.5463, 106.9782, 42.6511, -2.9873, 55.7417
-33.7849, 106.6238, 43.0412, -4.6808, 55.9848
-34.0143, 106.2367, 43.4362, -6.3748, 56.2181
-34.2369, 105.8322, 43.8136, -8.019, 56.4313
-34.4399, 105.4123, 44.1847, -9.6037, 56.6275
-34.6053, 104.9751, 44.5708, -11.1308, 56.8118
-34.7752, 104.5827, 44.8719, -12.4586, 56.958
-34.8896, 104.1932, 45.1948, -13.6905, 57.0969
-34.9939, 103.8709, 45.4383, -14.682, 57.1981
-35.0915, 103.6389, 45.585, -15.3878, 57.2588
-35.1253, 103.4622, 45.7295, -15.8969, 57.31
-35.1417, 103.4055, 45.7704, -16.0634, 57.3285
-35.0571, 103.564, 45.7916, -16.131, 57.2661
-34.8288, 104.0293, 45.8321, -16.3007, 57.0809
-34.4711, 104.7618, 45.9084, -16.584, 56.7968
-34.0101, 105.7318, 46.0207, -16.9722, 56.4327
-33.4834, 106.9195, 46.1499, -17.4347, 56.0013
-32.904, 108.2837, 46.3217, -17.9914, 55.5286
-32.3143, 109.8079, 46.5063, -18.5987, 55.0155
-31.7059, 111.4386, 46.7578, -19.3049, 54.5093
-31.1093, 113.15, 47.0579, -20.0758, 54.0026
-30.5386, 114.9062, 47.4089, -20.8997, 53.5042
-30.033, 116.6946, 47.7609, -21.7102, 53.0268
-29.5709, 118.4512, 48.1619, -22.5441, 52.5759
-29.1607, 120.1413, 48.5965, -23.3717, 52.1622
-28.811, 121.7283, 49.0427, -24.162, 51.7732
-28.5171, 123.1745, 49.4874, -24.8904, 51.459
-28.2797, 124.4384, 49.9086, -25.5365, 51.179
-28.0946, 125.483, 50.2831, -26.0764, 50.9549
-27.9603, 126.2721, 50.5841, -26.4886, 50.7891
-27.8868, 126.7756, 50.7699, -26.7423, 50.6725
-27.8488, 126.9446, 50.8547, -26.8446, 50.643
-27.8404, 127.0185, 50.8097, -26.7148, 50.6368
-27.815, 127.2285, 50.6813, -26.3438, 50.619
-27.7711, 127.5553, 50.4794, -25.759, 50.5894
-27.7067, 127.9786, 50.213, -24.9872, 50.5474
-27.6191, 128.4775, 49.8911, -24.0546, 50.4917
-27.5034, 129.0298, 49.5257, -22.9899, 50.4229
-27.3571, 129.6149, 49.1262, -21.8192, 50.3409
-27.1784, 130.2134, 48.7018, -20.5677, 50.2458
-26.967, 130.8073, 48.2615, -19.2609, 50.1385
-26.7244, 131.3806, 47.8141, -17.924, 50.0204
-26.4554, 131.9205, 47.366, -16.5804, 49.8916
-26.1637, 132.4149, 46.9289, -15.2579, 49.7572
-25.8573, 132.8552, 46.5118, -13.983, 49.6207
-25.5463, 133.2363, 46.1233, -12.7829, 49.4864
-25.2432, 133.5555, 45.772, -11.6855, 49.3589
-24.962, 133.8126, 45.4663, -10.7203, 49.2433
-24.7176, 134.0095, 45.2143, -9.9167, 49.1445
-24.5256, 134.1487, 45.0243, -9.3055, 49.0681
-24.4009, 134.2324, 44.9043, -8.9168, 49.019
-24.3567, 134.2608, 44.8624, -8.7808, 49.0016
-24.33, 134.2336, 44.8493, -8.7091, 49.0128
-24.2519, 134.1538, 44.8111, -8.4991, 49.0457
-24.1263, 134.0244, 44.7494, -8.1591, 49.0995
-23.9574, 133.8482, 44.666, -7.6981, 49.1735
-23.7503, 133.6288, 44.5623, -7.1247, 49.2661
-23.5187, 133.372, 44.4266, -6.442, 49.3558
-23.2409, 133.0723, 44.3019, -5.6799, 49.5062
-22.9484, 132.7413, 44.1501, -4.829, 49.6535
-22.6374, 132.3795, 43.9866, -3.9055, 49.8188
-22.3066, 131.9871, 43.825, -2.9275, 50.0146
-21.9724, 131.5733, 43.6456, -1.891, 50.2158
-21.6415, 131.1417, 43.4462, -0.8037, 50.4156
-21.2969, 130.6884, 43.2653, 0.3026, 50.6629
-20.9626, 130.2229, 43.0687, 1.4404, 50.9091
-20.629, 129.7431, 42.8823, 2.5852, 51.182
-20.3094, 129.2576, 42.6863, 3.7427, 51.4588
-20.0035, 128.7686, 42.4867, 4.9022, 51.7446
-19.7093, 128.2758, 42.2934, 6.0506, 52.0464
-19.4331, 127.7851, 42.0971, 7.1884, 52.3535
-19.1677, 127.2935, 41.9179, 8.2959, 52.6807
-18.9243, 126.8102, 41.733, 9.3842, 53.0058
-18.7011, 126.3368, 41.5479, 10.4454, 53.333
-18.4912, 125.8693, 41.3811, 11.4624, 53.673
-18.3025, 125.4159, 41.214, 12.4447, 54.0083
-18.1353, 124.9772, 41.0477, 13.388, 54.3315
-17.9834, 124.5585, 40.8874, 14.288, 54.6667
-17.843, 124.1496, 40.7544, 15.1254, 55.0
-17.7234, 123.7645, 40.6168, 15.9211, 55.3169
-17.6218, 123.404, 40.4792, 16.6701, 55.6192
-17.5284, 123.0604, 40.3685, 17.3522, 55.9183
-17.4509, 122.7438, 40.2597, 17.9829, 56.1964
-17.3857, 122.454, 40.1595, 18.5566, 56.4556
-17.3341, 122.1952, 40.0607, 19.0762, 56.6902
-17.2871, 121.9603, 39.9885, 19.5237, 56.9093
-17.2509, 121.7583, 39.9213, 19.9119, 57.098
-17.2226, 121.589, 39.8656, 20.2351, 57.2581
-17.2013, 121.454, 39.8215, 20.491, 57.3867
-17.1864, 121.3552, 39.7895, 20.6773, 57.4815
-17.1775, 121.2944, 39.7699, 20.7914, 57.54
-17.1747, 121.274, 39.7627, 20.8306, 57.5597
-17.2318, 121.2739, 39.8081, 20.6731, 57.5733
-17.3947, 121.2715, 39.9382, 20.2228, 57.6118
-17.6502, 121.2612, 40.1437, 19.5126, 57.6721
-17.9896, 121.2389, 40.4022, 18.5846, 57.7404
-18.3816, 121.1801, 40.7543, 17.4387, 57.8406
-18.8335, 121.1034, 41.1215, 16.1547, 57.949
-19.3092, 120.9718, 41.5662, 14.7171, 58.074
-19.8104, 120.8006, 42.0301, 13.1913, 58.1971
-20.3187, 120.5828, 42.5177, 11.6005, 58.3224
-20.8297, 120.3281, 42.999, 9.9911, 58.4414
-21.318, 120.0253, 43.501, 8.3689, 58.5601
-21.7798, 119.689, 43.9973, 6.7774, 58.6721
-22.2014, 119.3247, 44.4894, 5.24, 58.7785
-22.5688, 118.9392, 44.9809, 3.7781, 58.879
-22.9055, 118.576, 45.3969, 2.4712, 58.9485
-23.178, 118.2291, 45.7864, 1.3091, 59.0352
-23.4146, 117.9432, 46.0735, 0.3722, 59.0839
-23.5819, 117.7107, 46.3078, -0.3504, 59.1228
-23.6666, 117.5416, 46.4959, -0.8379, 59.1592
-23.7012, 117.4868, 46.5508, -1.0003, 59.1683
-23.7886, 117.4842, 46.5635, -1.2483, 59.0745
-24.0337, 117.4676, 46.6138, -1.9747, 58.81
-24.4485, 117.454, 46.6472, -3.1036, 58.3867
-24.96, 117.3796, 46.7786, -4.6964, 57.8636
-25.6332, 117.3026, 46.8522, -6.6051, 57.2155
-26.3771, 117.1457, 47.0094, -8.9172, 56.5129
-27.2274, 116.9447, 47.1439, -11.5153, 55.7562
-28.1425, 116.6729, 47.2921, -14.3942, 54.9692
-29.1221, 116.3431, 47.4091, -17.468, 54.165
-30.105, 115.927, 47.5545, -20.7399, 53.3825
-31.0747, 115.4369, 47.7068, -24.1297, 52.6314
-32.0311, 114.9008, 47.8215, -27.5197, 51.9107
-32.9235, 114.3162, 47.94, -30.8737, 51.2483
-33.7291, 113.7042, 48.062, -34.1069, 50.6546
-34.465, 113.113, 228.1331, 110.7282, 230.1155
-35.0787, 112.549, 228.2106, 110.1512, 229.6628
-35.5686, 112.0531, 228.2782, 109.6445, 229.3009
-35.9187, 111.6555, 228.3442, 109.2386, 229.0415
-36.1415, 111.3985, 228.3779, 108.9764, 228.8742
-36.2305, 111.3142, 228.3726, 108.8905, 228.8088
-36.2365, 111.3794, 228.3362, 108.9568, 228.8004
-36.2529, 111.5644, 228.2329, 109.1451, 228.7761
-36.2674, 111.8464, 228.0841, 109.4323, 228.7417
-36.2975, 112.2187, 227.8683, 109.8117, 228.6837
-36.3272, 112.6551, 227.6116, 110.2565, 228.6091
-36.3524, 113.1362, 227.323, 110.747, 228.5179
-36.3752, 113.6466, 227.0027, 111.2678, 228.405
-36.3791, 114.1624, 226.6796, 111.7944, 228.2834
-36.3689, 114.6702, 226.3518, 112.3133, 228.146
-36.3582, 115.1614, 226.0038, 112.8155, 227.9816
-36.3215, 115.6297, 225.6794, 113.2946, 227.8294
-36.2758, 116.0547, 225.3637, 113.7298, 227.6612
-36.2204, 116.4353, 45.0658, -33.2685, 47.4901
-36.1582, 116.767, 44.7915, -32.2033, 47.3213
-36.0958, 117.0458, 44.5421, -31.2306, 47.1551
-36.0315, 117.2751, 44.3311, -30.3838, 47.0093
-35.9733, 117.4528, 44.1591, -29.6828, 46.8848
-35.9262, 117.5802, 44.0305, -29.1512, 46.7881
-35.8951, 117.6576, 43.9496, -28.8142, 46.7258
-35.884, 117.684, 43.9214, -28.6965, 46.7036
-35.9209, 117.6752, 43.9307, -28.8433, 46.6897
-36.0291, 117.649, 43.958, -29.2746, 46.6492
-36.2044, 117.6051, 44.0022, -29.9776, 46.5841
-36.4426, 117.5426, 44.0623, -30.9406, 46.4972
-36.7393, 117.4604, 44.1373, -32.1528, 46.3909
-37.0895, 117.3566, 224.2263, 115.0597, 226.2686
-37.4881, 117.2293, 224.3283, 114.9272, 226.1335
-37.9297, 117.0761, 224.4423, 114.7681, 225.9887
-38.4084, 116.8947, 224.5674, 114.5803, 225.837
-38.918, 116.6827, 224.7027, 114.3613, 225.6814
-39.4519, 116.4379, 224.8477, 114.109, 225.5247
-40.0036, 116.1565, 225.0012, 113.8197, 225.368
-40.5651, 115.8403, 225.1633, 113.4952, 225.215
-41.1296, 115.4859, 225.333, 113.1321, 225.0662
-41.6898, 115.0923, 225.5096, 112.7295, 224.9224
-42.2384, 114.659, 225.6927, 112.2869, 224.7843
-42.7677, 114.1843, 225.883, 111.8028, 224.6528
-43.2724, 113.6737, 226.0772, 111.2824, 224.5262
-43.7453, 113.1264, 226.2768, 110.7253, 224.4049
-44.1813, 112.5449, 226.4808, 110.1338, 224.2881
-44.5758, 111.9329, 226.6893, 109.5118, 224.1743
-45.6654, 111.6104, 225.9594, 109.1844, 223.2563
-47.425, 111.5351, 224.3328, 109.108, 221.5915
-49.1928, 111.4288, 222.6635, 109.0001, 219.9072
-50.8704, 111.2591, 221.0744, 108.8277, 218.3081
-52.4781, 111.0439, 219.5363, 108.609, 216.7707
-53.9838, 110.7802, 218.0884, 108.3412, 215.3278
-55.4288, 110.4945, 216.6777, 108.051, 213.9356
-56.7766, 110.1829, 215.3503, 107.7344, 212.6324
-57.9941, 109.8426, 214.1485, 107.3888, 211.4529
-59.0935, 109.4892, 213.0578, 107.0301, 210.3844
-60.1458, 109.1606, 211.9911, 106.6964, 209.3548
-61.0476, 108.8267, 211.0789, 106.3576, 208.4711
-61.8464, 108.5156, 210.2639, 106.0419, 207.6854
-62.5229, 108.2296, 209.5714, 105.7517, 207.0185
-63.0714, 107.9756, 209.0097, 105.4941, 206.4766
-63.5477, 107.7836, 208.5112, 105.2994, 206.0041
-63.8471, 107.6217, 208.2052, 105.1352, 205.7072
-64.0355, 107.5228, 208.0112, 105.035, 205.5201
-64.1529, 107.5093, 207.8798, 105.0212, 205.403
-64.1139, 107.4687, 207.915, 104.98, 205.4122
-64.0022, 107.3515, 208.0155, 104.8613, 205.4379
-63.8806, 107.1839, 208.1072, 104.6913, 205.4232
-63.6514, 106.9301, 208.3111, 104.4341, 205.4692
-63.4879, 106.6562, 208.4203, 104.1564, 205.4134
-63.2376, 106.3057, 208.6211, 103.8013, 205.4075
-63.0059, 105.9198, 208.7897, 103.4105, 205.3571
-62.7226, 105.4748, 209.0118, 102.9598, 205.3318
-62.4928, 105.0134, 209.1668, 102.4928, 205.2432
-62.2685, 104.5232, 209.3139, 101.9967, 205.1408
-62.0554, 104.0136, 209.4492, 101.4814, 205.0254
-61.8089, 103.4774, 209.6251, 100.9392, 204.9383
-61.6451, 102.9675, 209.7127, 100.424, 204.7928
-61.5406, 102.488, 209.7416, 99.9395, 204.6167
-61.3805, 102.012, 209.8414, 99.4588, 204.503
-61.3268, 101.6133, 209.8344, 99.0563, 204.3379
-61.2554, 101.264, 209.8589, 98.7038, 204.2195
-61.2202, 101.0003, 209.8575, 98.4378, 204.1156
-61.1656, 100.819, 209.892, 98.2548, 204.0719
-61.147, 100.7553, 209.9035, 98.1907, 204.0561
-61.065, 100.6252, 209.9471, 98.0593, 204.1682
-60.6794, 100.1936, 210.2394, 97.6242, 204.5931
-60.0933, 99.5069, 210.687, 96.932, 205.2487
-59.4179, 98.6125, 211.1916, 96.0311, 206.0481
-58.6018, 97.4957, 211.8325, 94.907, 207.0163
-57.8158, 96.2314, 212.4489, 93.6358, 208.0286
-57.0572, 94.8312, 213.0654, 92.2294, 209.0797
-56.3295, 93.3121, 213.6962, 90.7053, 210.1594
-55.7217, 91.7353, 214.2607, 89.1254, 211.203
-55.2842, 90.1535, 214.7159, 87.5424, 212.1734
-54.9373, 88.56, 215.1481, 85.9497, 213.112
-54.8082, 87.0578, 215.4237, 84.4501, 213.934
-54.7673, 85.618, 215.6687, 83.0145, 214.705
-54.9219, 84.3453, 215.7593, 81.747, 215.3488
-55.1141, 83.1913, 215.8389, 80.5988, 215.9357
-55.3575, 82.2074, 215.8708, 79.6208, 216.4339
-55.6648, 81.4477, 215.8169, 78.8663, 216.8106
-55.8647, 80.842, 215.8267, 78.265, 217.1258
-56.0455, 80.4914, 215.7849, 77.9172, 217.3038
-56.1113, 80.3701, 215.769, 77.7969, 217.3659
-56.0384, 80.3802, 215.8341, 77.8069, 217.4072
-55.8327, 80.4093, 216.0173, 77.8358, 217.524
-55.517, 80.4565, 216.2982, 77.8825, 217.7061
-55.1183, 80.5219, 216.6521, 77.9474, 217.9407
-54.674, 80.6121, 217.0439, 78.0369, 218.2092
-54.1861, 80.7098, 217.4747, 78.1338, 218.5114
-53.6852, 80.8181, 217.9162, 78.2412, 218.8311
-53.1947, 80.9369, 218.3473, 78.3591, 219.1548
-52.6979, 81.0412, 218.7864, 78.4625, 219.4912
-52.204, 81.126, 219.226, 78.5467, 219.8352
-51.8231, 81.254, 219.5579, 78.6738, 220.116
-51.43, 81.3372, 219.9069, 78.7564, 220.4094
-51.0742, 81.4038, 220.2243, 78.8225, 220.6827
-50.778, 81.4661, 220.4883, 78.8844, 220.9182
-50.5219, 81.5113, 220.718, 78.9292, 221.1267
-50.3498, 81.5682, 220.8702, 78.9857, 221.2746
-50.163, 81.5768, 221.0406, 78.9943, 221.4303
-50.0518, 81.5958, 221.1411, 79.013, 221.5274
-49.9663, 81.5956, 221.2197, 79.0129, 221.6003
-49.9539, 81.6059, 221.2304, 79.0231, 221.613
-49.9539, 81.6059, 221.2304, 79.0231, 221.613
-49.9539, 81.6059, 221.2304, 79.0231, 221.613
-49.9539, 81.6059, 221.2304, 79.0231, 221.613
-49.9539, 81.6059, 221.2304, 79.0231, 221.613
-49.9539, 81.6059, 221.2304, 79.0231, 221.613
-49.9539, 81.6059, 221.2304, 79.0231, 221.613
-49.9539, 81.6059, 221.2304, 79.0231, 221.613
-49.9539, 81.6059, 221.2304, 79.0231, 221.613
-49.9539, 81.6059, 221.2304, 79.0231, 221.613
-49.9539, 81.6059, 221.2304, 79.0231, 221.613
-49.9539, 81.6059, 221.2304, 79.0231, 221.613
-49.9539, 81.6059, 221.2304, 79.0231, 221.613
-49.9539, 81.6059, 221.2304, 79.0231, 221.613
-49.9539, 81.6059, 221.2304, 79.0231, 221.613
-49.9539, 81.6059, 221.2304, 79.0231, 221.613
-49.9539, 81.6059, 221.2304, 79.0231, 221.613
-49.9539, 81.6059, 221.2304, 79.0231, 221.613
-49.9539, 81.6059, 221.2304, 79.0231, 221.613
-49.9539, 81.6059, 221.2304, 79.0231, 221.613
-49.9539, 81.6059, 221.2304, 79.0231, 221.613
-49.9539, 81.6059, 221.2304, 79.0231, 221.613
-49.9539, 81.6059, 221.2304, 79.0231, 221.613
-49.9539, 81.6059, 221.2304, 79.0231, 221.613
-49.9539, 81.6059, 221.2304, 79.0231, 221.613
-49.9539, 81.6059, 221.2304, 79.0231, 221.613
-49.9539, 81.6059, 221.2304, 79.0231, 221.613
-49.9539, 81.6059, 221.2304, 79.0231, 221.613
-49.9539, 81.6059, 221.2304, 79.0231, 221.613
-49.9539, 81.6059, 221.2304, 79.0231, 221.613
-49.9539, 81.6059, 221.2304, 79.0231, 221.613
-49.9539, 81.6059, 221.2304, 79.0231, 221.613
-49.9539, 81.6059, 221.2304, 79.0231, 221.613
-49.9539, 81.6059, 221.2304, 79.0231, 221.613
-49.9539, 81.6059, 221.2304, 79.0231, 221.613
-49.9539, 81.6059, 221.2304, 79.0231, 221.613
-49.9539, 81.6059, 221.2304, 79.0231, 221.613
-49.9539, 81.6059, 221.2304, 79.0231, 221.613
-49.9539, 81.6059, 221.2304, 79.0231, 221.613
-49.9539, 81.6059, 221.2304, 79.0231, 221.613
-49.9539, 81.6059, 221.2304, 79.0231, 221.613
-49.9663, 81.5956, 221.2197, 79.0129, 221.6003
-50.0518, 81.5958, 221.1411, 79.013, 221.5274
-50.163, 81.5768, 221.0406, 78.9943, 221.4303
-50.3498, 81.5682, 220.8702, 78.9857, 221.2746
-50.5219, 81.5113, 220.718, 78.9292, 221.1267
-50.778, 81.4661, 220.4883, 78.8844, 220.9182
-51.0742, 81.4038, 220.2243, 78.8225, 220.6827
-51.43, 81.3372, 219.9069, 78.7564, 220.4094
-51.8231, 81.254, 219.5579, 78.6738, 220.116
-52.204, 81.126, 219.226, 78.5467, 219.8352
-52.6979, 81.0412, 218.7864, 78.4625, 219.4912
-53.1947, 80.9369, 218.3473, 78.3591, 219.1548
-53.6852, 80.8181, 217.9162, 78.2412, 218.8311
-54.1861, 80.7098, 217.4747, 78.1338, 218.5114
-54.674, 80.6121, 217.0439, 78.0369, 218.2092
-55.1183, 80.5219, 216.6521, 77.9474, 217.9407
-55.517, 80.4565, 216.2982, 77.8825, 217.7061
-55.8327, 80.4093, 216.0173, 77.8358, 217.524
-56.0384, 80.3802, 215.8341, 77.8069, 217.4072
-56.1113, 80.3701, 215.769, 77.7969, 217.3659
-56.0455, 80.4914, 215.7849, 77.9172, 217.3038
-55.8647, 80.842, 215.8267, 78.265, 217.1258
-55.6648, 81.4477, 215.8169, 78.8663, 216.8106
-55.3575, 82.2074, 215.8708, 79.6208, 216.4339
-55.1141, 83.1913, 215.8389, 80.5988, 215.9357
-54.9219, 84.3453, 215.7592, 81.747, 215.3487
-54.7673, 85.618, 215.6687, 83.0145, 214.705
-54.8082, 87.0578, 215.4237, 84.4501, 213.934
-54.9373, 88.56, 215.1481, 85.9497, 213.112
-55.2842, 90.1535, 214.7159, 87.5424, 212.1734
-55.7217, 91.7352, 214.2607, 89.1253, 211.203
-56.3295, 93.3121, 213.6962, 90.7053, 210.1594
-57.0572, 94.8312, 213.0654, 92.2294, 209.0797
-57.8158, 96.2314, 212.4489, 93.6358, 208.0286
-58.6018, 97.4957, 211.8325, 94.907, 207.0163
-59.4179, 98.6125, 211.1916, 96.0311, 206.0481
-60.0933, 99.5069, 210.687, 96.932, 205.2487
-60.6794, 100.1936, 210.2394, 97.6242, 204.5931
-61.065, 100.6252, 209.9471, 98.0593, 204.1682
-61.147, 100.7553, 209.9035, 98.1907, 204.0561
-61.1656, 100.819, 209.892, 98.2548, 204.0719
-61.2202, 101.0003, 209.8575, 98.4378, 204.1156
-61.2554, 101.264, 209.8589, 98.7038, 204.2195
-61.3268, 101.6133, 209.8344, 99.0563, 204.3379
-61.3805, 102.012, 209.8414, 99.4588, 204.503
-61.5406, 102.488, 209.7416, 99.9395, 204.6167
-61.6451, 102.9675, 209.7127, 100.4239, 204.7928
-61.8089, 103.4774, 209.6251, 100.9392, 204.9383
-62.0554, 104.0136, 209.4492, 101.4814, 205.0254
-62.2685, 104.5232, 209.3139, 101.9967, 205.1408
-62.4928, 105.0134, 209.1668, 102.4928, 205.2432
-62.7226, 105.4748, 209.0118, 102.9598, 205.3318
-63.0059, 105.9198, 208.7897, 103.4105, 205.3571
-63.2376, 106.3057, 208.6211, 103.8013, 205.4075
-63.4879, 106.6562, 208.4203, 104.1564, 205.4134
-63.6514, 106.9301, 208.3111, 104.4341, 205.4692
-63.8806, 107.1839, 208.1072, 104.6913, 205.4232
-64.0022, 107.3515, 208.0155, 104.8613, 205.4379
-64.1139, 107.4687, 207.915, 104.98, 205.4122
-64.1529, 107.5093, 207.8798, 105.0212, 205.403
-64.1104, 107.5061, 207.9184, 105.018, 205.4433
-63.9326, 107.4761, 208.0965, 104.9876, 205.6144
-63.7302, 107.4599, 208.2798, 104.9711, 205.8057
-63.4629, 107.4398, 208.5191, 104.9507, 206.0578
-63.1182, 107.4088, 208.8306, 104.9192, 206.3835
-62.6988, 107.3651, 209.2126, 104.8748, 206.7803
-62.1944, 107.3022, 209.6784, 104.811, 207.2587
-61.6743, 107.2441, 210.1447, 104.752, 207.7495
-61.0504, 107.1536, 210.7206, 104.6603, 208.3415
-60.4347, 107.0718, 211.2702, 104.5773, 208.922
-59.7248, 106.9557, 211.9205, 104.4595, 209.5951
-59.0339, 106.8474, 212.5341, 104.3496, 210.2465
-58.2505, 106.7, 213.2494, 104.2003, 210.9897
-57.4607, 106.5454, 213.9624, 104.0436, 211.7376
-56.6454, 106.374, 214.6982, 103.8698, 212.5104
-55.8167, 106.1886, 215.4437, 103.682, 213.296
-54.96, 105.9814, 216.2188, 103.472, 214.1102
-54.1229, 105.7708, 216.9667, 103.2587, 214.9047
-53.2535, 105.534, 217.7529, 103.019, 215.7328
-52.4126, 105.2955, 218.5047, 102.7775, 216.5333
-51.5476, 105.0324, 219.2883, 102.5111, 217.3602
-50.7001, 104.762, 220.0544, 102.2375, 218.1714
-49.9109, 104.502, 220.755, 101.9745, 218.9257
-49.0653, 104.2028, 221.5314, 101.6718, 219.7407
-48.3078, 103.9278, 222.2088, 101.3937, 220.4686
-47.5305, 103.6303, 222.9202, 101.0929, 221.2204
-46.8042, 103.3426, 223.5804, 100.8022, 221.9236
-46.1491, 103.075, 224.1661, 100.5317, 222.5575
-45.4957, 102.7974, 224.7624, 100.2512, 223.1933
-44.8641, 102.5201, 225.346, 99.9712, 223.8104
-44.3182, 102.274, 225.8403, 99.7226, 224.3435
-43.9383, 102.0981, 226.149, 99.5451, 224.7104
-43.8241, 102.0423, 226.1517, 99.4887, 224.8078
-43.7874, 102.0244, 226.0753, 99.4706, 224.8277
-43.7451, 102.0031, 226.0222, 99.4491, 224.855
-43.7126, 101.9869, 225.9741, 99.4328, 224.8741
-43.6867, 101.9738, 225.9358, 99.4196, 224.8893
-43.6677, 101.964, 225.9078, 99.4097, 224.9005
-43.656, 101.9579, 225.8905, 99.4036, 224.9072
-43.652, 101.9559, 225.8846, 99.4015, 224.9096
-43.6378, 101.9286, 225.9019, 99.3739, 224.9086
-43.5969, 101.849, 225.9517, 99.2936, 224.9059
-43.5315, 101.7191, 226.0312, 99.1625, 224.901
-43.4434, 101.5393, 226.1378, 98.981, 224.8935
-43.3345, 101.3098, 226.269, 98.7495, 224.8824
-43.2067, 101.0307, 226.4224, 98.4679, 224.8673
-43.0619, 100.7033, 226.5951, 98.1377, 224.847
-42.9036, 100.3299, 226.7827, 97.7612, 224.8202
-42.7643, 99.9298, 226.9472, 97.3578, 224.7594
-42.6503, 99.5145, 227.0828, 96.9393, 224.6594
-42.5334, 99.0701, 227.2214, 96.4917, 224.5537
-42.3019, 98.5555, 227.4904, 95.9735, 224.53
-41.8685, 97.9382, 227.9835, 95.3521, 224.6601
-42.0886, 97.6354, 227.741, 95.0474, 224.2822
-42.0836, 97.2452, 227.7525, 94.6549, 224.0902
-42.1102, 96.9042, 227.7293, 94.312, 223.8956
-42.1564, 96.6231, 227.6842, 94.0294, 223.7143
-42.2254, 96.42, 227.6135, 93.8252, 223.5514
-42.311, 96.3083, 227.5231, 93.713, 223.4184
-42.2852, 96.2424, 227.5527, 93.6468, 223.4113
-42.5419, 96.1469, 227.2984, 93.5508, 223.1803
-43.2675, 95.8644, 226.5801, 93.267, 222.5283
-44.3934, 95.3956, 225.4657, 92.7961, 221.5206
-45.8777, 94.7503, 223.9946, 92.1482, 220.2069
-47.6135, 93.9077, 222.2772, 91.3027, 218.6832
-49.6412, 92.9203, 220.2679, 90.3126, 216.9472
-51.8095, 91.7528, 218.1296, 89.1429, 215.125
-54.1116, 90.4455, 215.8729, 87.8344, 213.2457
-56.504, 89.0263, 213.5503, 86.4156, 211.3617
-58.9995, 87.5584, 211.1572, 84.9497, 209.4892
-61.4986, 86.0516, 208.8036, 83.4467, 207.7073
-63.975, 84.5564, 206.5205, 81.9571, 206.0441
-66.4957, 83.1815, 204.2411, 80.589, 204.4729
-68.8348, 81.8673, 202.1841, 79.2826, 203.1118
-71.0738, 80.7333, 200.2541, 78.1567, 201.908
-73.0349, 79.7394, 198.6068, 77.1707, 200.9291
-74.6857, 78.9326, 197.2481, 76.3711, 200.1619
-76.0001, 78.365, 196.1756, 75.809, 199.5872
-76.7919, 77.9771, 195.5459, 75.4249, 199.2577
-77.0882, 77.8554, 195.308, 75.3045, 199.137
-77.0004, 77.8592, 195.3852, 75.3082, 199.1679
-76.8029, 77.9063, 195.5529, 75.3548, 199.2336
-76.421, 77.926, 195.888, 75.3742, 199.3717
-75.9854, 77.9903, 196.2638, 75.4378, 199.5292
-75.4243, 78.0292, 196.754, 75.4763, 199.7446
-74.8712, 78.1151, 197.2302, 75.5613, 199.9605
-74.3013, 78.2117, 197.7197, 75.6569, 200.1913
-73.6822, 78.2807, 198.256, 75.725, 200.4575
-73.1365, 78.3892, 198.7229, 75.8325, 200.6978
-72.578, 78.4676, 199.2046, 75.9101, 200.9577
-72.1177, 78.5788, 199.5968, 76.0202, 201.1764
-71.6605, 78.6538, 199.9902, 76.0944, 201.4052
-71.2586, 78.7216, 200.3361, 76.1616, 201.6136
-70.9134, 78.7805, 200.6334, 76.2199, 201.7983
-70.6763, 78.8618, 200.8346, 76.3004, 201.9247
-70.4448, 78.9021, 201.0346, 76.3403, 202.0545
-70.2171, 78.9024, 201.2342, 76.3406, 202.1883
-70.0903, 78.9242, 201.344, 76.3622, 202.2621
-70.0133, 78.9372, 201.4108, 76.3751, 202.3073
